{
  "version": 1,
  "author": "Mauricio West",
  "editor": "wokwi",
  "parts": [
    { "type": "wokwi-breadboard-half", "id": "bb1", "top": -156.6, "left": -74, "attrs": {} },
    { "type": "wokwi-arduino-mega", "id": "mega", "top": 495.72, "left": -444.37, "attrs": {} },
    {
      "type": "wokwi-led",
      "id": "led1",
      "top": 101.31,
      "left": -6.02,
      "attrs": { "color": "red" }
    },
    {
      "type": "wokwi-led",
      "id": "led2",
      "top": 100.34,
      "left": 32.13,
      "attrs": { "color": "red" }
    },
    {
      "type": "wokwi-led",
      "id": "led3",
      "top": 99.28,
      "left": 67.01,
      "attrs": { "color": "red" }
    },
    {
      "type": "wokwi-led",
      "id": "led4",
      "top": 98.22,
      "left": 107.18,
      "attrs": { "color": "red" }
    },
    {
      "type": "wokwi-led",
      "id": "led5",
      "top": 99.28,
      "left": 142.07,
      "attrs": { "color": "red" }
    },
    {
      "type": "wokwi-led",
      "id": "led6",
      "top": 98.31,
      "left": 180.22,
      "attrs": { "color": "red" }
    },
    {
      "type": "wokwi-led",
      "id": "led7",
      "top": 97.25,
      "left": 215.1,
      "attrs": { "color": "red" }
    },
    {
      "type": "wokwi-led",
      "id": "led8",
      "top": 146.85,
      "left": -4.88,
      "attrs": { "color": "red" }
    },
    {
      "type": "wokwi-led",
      "id": "led9",
      "top": 145.88,
      "left": 33.27,
      "attrs": { "color": "red" }
    },
    {
      "type": "wokwi-led",
      "id": "led10",
      "top": 144.82,
      "left": 68.15,
      "attrs": { "color": "red" }
    },
    {
      "type": "wokwi-led",
      "id": "led11",
      "top": 143.76,
      "left": 108.32,
      "attrs": { "color": "red" }
    },
    {
      "type": "wokwi-led",
      "id": "led12",
      "top": 144.82,
      "left": 143.21,
      "attrs": { "color": "red" }
    },
    {
      "type": "wokwi-led",
      "id": "led13",
      "top": 143.85,
      "left": 181.36,
      "attrs": { "color": "red" }
    },
    {
      "type": "wokwi-led",
      "id": "led14",
      "top": 142.79,
      "left": 216.24,
      "attrs": { "color": "red" }
    },
    {
      "type": "wokwi-led",
      "id": "led15",
      "top": 193.57,
      "left": -4.88,
      "attrs": { "color": "red" }
    },
    {
      "type": "wokwi-led",
      "id": "led16",
      "top": 193.46,
      "left": 33.27,
      "attrs": { "color": "red" }
    },
    {
      "type": "wokwi-led",
      "id": "led17",
      "top": 192.4,
      "left": 68.15,
      "attrs": { "color": "red" }
    },
    {
      "type": "wokwi-led",
      "id": "led18",
      "top": 191.34,
      "left": 108.32,
      "attrs": { "color": "red" }
    },
    {
      "type": "wokwi-led",
      "id": "led19",
      "top": 192.4,
      "left": 143.21,
      "attrs": { "color": "red" }
    },
    {
      "type": "wokwi-led",
      "id": "led20",
      "top": 191.43,
      "left": 181.36,
      "attrs": { "color": "red" }
    },
    {
      "type": "wokwi-led",
      "id": "led21",
      "top": 190.37,
      "left": 216.24,
      "attrs": { "color": "red" }
    },
    {
      "type": "wokwi-led",
      "id": "led22",
      "top": 243.06,
      "left": -6.99,
      "attrs": { "color": "red" }
    },
    {
      "type": "wokwi-led",
      "id": "led23",
      "top": 242.09,
      "left": 31.16,
      "attrs": { "color": "red" }
    },
    {
      "type": "wokwi-led",
      "id": "led24",
      "top": 241.03,
      "left": 66.04,
      "attrs": { "color": "red" }
    },
    {
      "type": "wokwi-led",
      "id": "led25",
      "top": 239.97,
      "left": 106.21,
      "attrs": { "color": "red" }
    },
    {
      "type": "wokwi-led",
      "id": "led26",
      "top": 241.03,
      "left": 141.1,
      "attrs": { "color": "red" }
    },
    {
      "type": "wokwi-led",
      "id": "led27",
      "top": 240.06,
      "left": 179.25,
      "attrs": { "color": "red" }
    },
    {
      "type": "wokwi-led",
      "id": "led28",
      "top": 239,
      "left": 214.13,
      "attrs": { "color": "red" }
    },
    {
      "type": "wokwi-led",
      "id": "led29",
      "top": 288.52,
      "left": -8.05,
      "attrs": { "color": "red" }
    },
    {
      "type": "wokwi-led",
      "id": "led30",
      "top": 287.55,
      "left": 29.04,
      "attrs": { "color": "red", "flip": "" }
    },
    {
      "type": "wokwi-led",
      "id": "led31",
      "top": 286.49,
      "left": 63.92,
      "attrs": { "color": "red" }
    },
    {
      "type": "wokwi-led",
      "id": "led32",
      "top": 285.43,
      "left": 104.09,
      "attrs": { "color": "red" }
    },
    {
      "type": "wokwi-led",
      "id": "led33",
      "top": 286.49,
      "left": 138.98,
      "attrs": { "color": "red" }
    },
    {
      "type": "wokwi-led",
      "id": "led34",
      "top": 285.52,
      "left": 177.13,
      "attrs": { "color": "red" }
    },
    {
      "type": "wokwi-led",
      "id": "led35",
      "top": 284.46,
      "left": 212.01,
      "attrs": { "color": "red" }
    }
  ],
  "connections": [
    [ "mega:2", "led1:A", "red", [ "v0" ] ],
    [ "mega:3", "led8:A", "red", [ "v0" ] ],
    [ "mega:4", "led15:A", "red", [ "v0" ] ],
    [ "mega:5", "led22:A", "red", [ "v0" ] ],
    [ "mega:6", "led29:A", "red", [ "v0" ] ],
    [ "led5:C", "bb1:bn.17", "black", [ "v-1.85", "h-11.83" ] ],
    [ "led2:C", "bb1:bn.8", "black", [ "v-0.66", "h-14.51" ] ],
    [ "led1:C", "bb1:bn.5", "black", [ "v-1.2", "h-15.23" ] ],
    [ "led4:C", "bb1:bn.14", "black", [ "v-0.25", "h-12.69" ] ],
    [ "led3:C", "bb1:bn.11", "black", [ "v-2.16", "h-10.1" ] ],
    [ "led6:C", "bb1:bn.21", "black", [ "v0.51", "h-11.41" ] ],
    [ "led7:C", "bb1:bn.24", "black", [ "v1.15", "h-8.28" ] ],
    [ "led8:C", "bb1:bn.4", "black", [ "v-0.6", "h-14.77" ] ],
    [ "led9:C", "bb1:bn.7", "black", [ "v-3.54", "h-16.95" ] ],
    [ "led10:C", "bb1:bn.10", "black", [ "v-1.7", "h-14.29", "v-126.69", "h-16.42" ] ],
    [ "led11:C", "bb1:bn.15", "black", [ "v-1.42", "h-18.49" ] ],
    [ "led12:C", "bb1:bn.18", "black", [ "v-2.48", "h-13.5" ] ],
    [ "led13:C", "bb1:bn.20", "black", [ "v2.4", "h-11.76", "v-140.76" ] ],
    [ "led14:C", "bb1:bn.23", "black", [ "v-2.02", "h-14.58" ] ],
    [ "led15:C", "bb1:bn.3", "black", [ "v-5.09", "h-55.27" ] ],
    [ "led16:C", "bb1:bn.6", "black", [ "v-0.88", "h-15.76", "v-169.07", "h-16.18" ] ],
    [ "led17:C", "bb1:bn.9", "black", [ "v-0.63", "h-19.09", "v-163.41", "h-15.37" ] ],
    [ "led18:C", "bb1:bn.12", "black", [ "v-0.38", "h-22.86", "v-152.89", "h-15.37" ] ],
    [ "led19:C", "bb1:bn.16", "black", [ "v2.61", "h-13.25", "v-89.79", "h-7.28", "v-80.9" ] ],
    [ "led20:C", "bb1:bn.19", "black", [ "v1.96", "h-20.66", "v-168.26", "h-12.94" ] ],
    [ "led21:C", "bb1:bn.22", "black", [ "v1.4", "h-17.52", "v-173.12", "h-12.94" ] ],
    [ "mega:GND.1", "bb1:bn.1", "black", [ "v-370.51", "h133.79" ] ],
    [ "bb1:bn.1", "bb1:tn.1", "green", [ "v-1.7", "h-59.35", "v-174.74" ] ],
    [ "led22:C", "bb1:bn.2", "black", [ "v-4.37", "h-45.07" ] ],
    [ "led23:C", "bb1:tn.2", "black", [ "v6.31", "h-113.15", "v-413.38", "h4.04" ] ],
    [ "led24:C", "bb1:tn.3", "black", [ "v5.75", "h-166.64", "v-416.61", "h65.53", "v3.24" ] ],
    [ "led25:C", "bb1:tn.4", "black", [ "v12.47", "h-175.26", "v-413.38", "h43.68" ] ],
    [ "led26:C", "bb1:tn.5", "black", [ "v8.99", "h-199.63", "v-403.67", "h45.3" ] ],
    [ "led27:C", "bb1:tn.6", "black", [ "v8.34", "h-313.01", "v-423.89", "h-2.43" ] ],
    [ "led28:C", "bb1:tn.7", "black", [ "v13.44", "h-362.45", "v-419.85", "h160.98" ] ],
    [ "led29:C", "bb1:tn.8", "black", [ "v7.61", "h-154.03", "v-470.81", "h10.52" ] ],
    [ "led30:C", "bb1:tn.9", "black", [ "v24.75", "h-204.06", "v-470.81", "h206.28", "v-0.81" ] ],
    [ "led31:C", "bb1:tn.10", "black", [ "v26.62", "h-247.03", "v-470.01", "h237.03", "v-7.28" ] ],
    [ "led32:C", "bb1:tn.11", "black", [ "v34.96", "h253.99", "v-476.48", "h-54.2" ] ],
    [ "led33:C", "bb1:tn.12", "black", [ "v26.62", "h191.6", "v-454.64", "h-41.26" ] ],
    [ "led34:C", "bb1:tn.13", "black", [ "v22.74", "h142.12", "v-440.07", "h-18.61" ] ],
    [ "led35:C", "bb1:tn.14", "black", [ "v15.71", "h93.49", "v-415.81", "h-36.4" ] ],
    [ "led2:A", "mega:7", "blue", [ "v11.88", "h-274.79" ] ],
    [ "led9:A", "mega:8", "blue", [ "v9.51", "h-3.1" ] ],
    [ "led16:A", "mega:9", "blue", [ "v10.28", "h-317.38" ] ],
    [ "led23:A", "mega:10", "blue", [ "v14.31", "h-325.63" ] ],
    [ "led30:A", "mega:11", "blue", [ "v12.88", "h-331.28" ] ],
    [ "led3:A", "mega:12", "magenta", [ "v4.3", "h-350.25" ] ],
    [ "led10:A", "mega:13", "magenta", [ "v8.84", "h-9.49" ] ],
    [ "led17:A", "mega:14", "magenta", [ "v7.88", "h-205.48" ] ],
    [ "led24:A", "mega:15", "magenta", [ "v3.28", "h15.93", "v93.25", "h-252.97" ] ],
    [ "led31:A", "mega:16", "magenta", [ "v43.3", "h-220.25", "v-4.32" ] ],
    [ "led4:A", "mega:17", "orange", [ "v5.78", "h-30.36", "v239.92", "h-224.84" ] ],
    [ "led11:A", "mega:18", "orange", [ "v6.85", "h-22.59", "v199.48", "h-229.64" ] ],
    [ "led18:A", "mega:19", "orange", [ "v7.94", "h13.74", "v156.29", "h-254.32" ] ],
    [ "led25:A", "mega:20", "orange", [ "v2.5", "h11.74", "v116.53", "h-241.98" ] ],
    [ "led32:A", "mega:21", "orange", [ "v81.8", "h-157.51", "v-45.24", "h-58.95", "v4.11" ] ],
    [ "mega:22", "led5:A", "cyan", [ "v-91.37", "h273.05", "v-279.93" ] ],
    [ "mega:23", "led12:A", "cyan", [ "v-82.94", "h255.56", "v7.49" ] ],
    [ "mega:24", "led19:A", "cyan", [ "v-5.62", "h260.41", "v-282.15" ] ],
    [ "mega:25", "led26:A", "cyan", [ "v-8.92", "h246.26", "v-231.01" ] ],
    [ "mega:26", "led33:A", "cyan", [ "v-5.55", "h223.78" ] ],
    [ "led6:A", "mega:27", "yellow", [ "v3.16", "h17.5", "v471.52" ] ],
    [ "led13:A", "mega:28", "yellow", [ "v3.35", "h12.61", "v347.08", "h-297.6" ] ],
    [ "led20:A", "mega:29", "yellow", [ "v1.5", "h7.36", "v306.6" ] ],
    [ "led27:A", "mega:30", "yellow", [ "v3.84", "h4.98", "v260.87", "h-290.86" ] ],
    [ "led34:A", "mega:31", "yellow", [ "v224.5", "h-0.4" ] ],
    [ "led7:A", "mega:32", "green", [ "v-1.03", "h74.08", "v418.29", "h-395.05" ] ],
    [ "led14:A", "mega:33", "green", [ "v-0.84", "h67.69", "v384.56" ] ],
    [ "led21:A", "mega:34", "green", [ "v3.31", "h61.69", "v330.59", "h-380.81" ] ],
    [ "led28:A", "mega:35", "green", [ "v-2.6", "h56.3", "v296.1" ] ],
    [ "led35:A", "mega:36", "green", [ "v1.42", "h45.68", "v247.38" ] ]
  ],
  "dependencies": {}
}
